customer_id,credit_score,churn,balance_to_salary_ratio
15791053,709,1,10614.655440
15786463,645,1,1326.102779
15623369,708,1,856.064110
15718667,621,0,611.268941
15566211,616,1,437.980842
