customer_id,credit_score,churn,balance_to_salary_ratio
15806771,753,1,0.021284
15713774,644,1,0.079466
15669011,659,1,0.138367
15649292,748,1,0.180996
15743976,618,0,0.192582
