numeric_column_name,mean,mode,sd,max,min
credit_score,650.485986,850.00,96.69640454855895,850.00,350.00
age,38.920745,37.00,10.484167400572149,92.00,18.00
balance,76493.174544,0.00,62394.9657703925,250898.09,0.00
tenure,5.013054,2.00,2.8926286773749004,10.00,0.00
estimated_salary,100078.676026,24924.92,57498.56105835446,199992.48,11.58
