customer_id,credit_score,churn,balance_to_salary_ratio
15791053,709,1,10614.655440
15791053,709,1,10614.655440
15791053,709,1,10614.655440
15791053,709,1,10614.655440
15791053,709,1,10614.655440
