Metric,Value
Accuracy,0.8675757575757576
F1-Score,0.5744888023369036
Precision,0.7682291666666666
Recall,0.45878693623639194
AUC,0.8610671304005793
