numeric_column_name,mean,mode,sd,max,min
credit_score,650.528800,850.00,96.64846595037089,850.00,350.00
age,38.921800,37.00,10.48728204827159,92.00,18.00
balance,76485.889288,0.00,62394.285254125214,250898.09,0.00
tenure,5.012800,2.00,2.8920297647154327,10.00,0.00
estimated_salary,100090.239881,24924.92,57507.61722116561,199992.48,11.58
